BushBlockSilver,BushBlockSilver,BushBlockSilver,BushBlockSilver,BushBlockSilver,BushBlockSilver,BushBlockSilver,BushBlockSilver,BushBlockSilver,BushBlockSilver,BushBlockSilver,BushBlockSilver,BushBlockSilver,BushBlockSilver,BushBlockSilver,BushBlockSilver
StockBlockStone,BushBlockSilver,StockBlockStone,StockBlockStone,StockBlockStone,BushBlockSilver,StockBlockStone,StockBlockStone,StockBlockStone,BushBlockSilver,StockBlockStone,StockBlockStone,StockBlockStone,BushBlockSilver,StockBlockStone,StockBlockStone
StockBlockStone,StockBlockStone,BushBlockSilver,StockBlockStone,,,,,,,StockBlockStone,StockBlockStone,BushBlockSilver,StockBlockStone,VerticalTubeStoneBlock,StockBlockStone
BushBlockSilver,StockBlockStone,StockBlockStone,StockBlockStone,,,,Zeela,,,BushBlockSilver,StockBlockStone,StockBlockStone,StockBlockStone,StockBlockStone,StockBlockStone
BushBlockSilver,StockBlockStone,BushBlockSilver,BushBlockSilver,,,,StockBlockStone,TubeBlockBlue,StockBlockStone,BushBlockSilver,StockBlockStone,BushBlockSilver,BushBlockSilver,BushBlockSilver,VerticalTubeStoneBlock
StockBlockStone,BushBlockSilver,StockBlockStone,StockBlockStone,,,,,,,StockBlockStone,BushBlockSilver,StockBlockStone,StockBlockStone,StockBlockStone,StockBlockStone
VerticalTubeStoneBlock,StockBlockStone,,,,,,,,,,,,,VerticalTubeStoneBlock,BushBlockSilver
StockBlockStone,StockBlockStone,,,,,,,,,,,,,BlueDoorTopLeft,OrangeDoorBlock
BushBlockSilver,VerticalTubeStoneBlock,StockBlockStone,StockBlockStone,BushBlockSilver,StockBlockStone,,,,,,,,,BlueDoorMiddleLeft,OrangeDoorBlock
StockBlockStone,StockBlockStone,BushBlockSilver,StockBlockStone,StockBlockStone,StockBlockStone,,,,,,,,,BlueDoorBottomLeft,OrangeDoorBlock
VerticalTubeStoneBlock,BushBlockSilver,BushBlockSilver,StockBlockStone,BushBlockSilver,BushBlockSilver,,,,,,StockBlockStone,TubeBlockBlue,StockBlockStone,BushBlockSilver,StockBlockStone
VerticalTubeStoneBlock,StockBlockStone,StockBlockStone,BushBlockSilver,StockBlockStone,StockBlockStone,,,,,,,,,StockBlockStone,StockBlockStone
StockBlockStone,StockBlockStone,,,,,,,Zeela,,,,,,BushBlockSilver,VerticalTubeStoneBlock
VerticalTubeStoneBlock,StockBlockStone,StockBlockStone,StockBlockStone,BushBlockSilver,StockBlockStone,StockBlockStone,StockBlockStone,StockBlockStone,StockBlockStone,,,,,StockBlockStone,StockBlockStone
StockBlockStone,StockBlockStone,BushBlockSilver,StockBlockStone,StockBlockStone,StockBlockStone,,,,,,,,,VerticalTubeStoneBlock,StockBlockStone
BushBlockSilver,VerticalTubeStoneBlock,BushBlockSilver,StockBlockStone,BushBlockSilver,BushBlockSilver,,,,,,,,,StockBlockStone,StockBlockStone
StockBlockStone,StockBlockStone,StockBlockStone,BushBlockSilver,StockBlockStone,StockBlockStone,,,,,,,,,BushBlockSilver,VerticalTubeStoneBlock
StockBlockStone,StockBlockStone,BushBlockSilver,StockBlockStone,,,,,,,StockBlockStone,StockBlockStone,BushBlockSilver,StockBlockStone,VerticalTubeStoneBlock,StockBlockStone
BushBlockSilver,StockBlockStone,StockBlockStone,StockBlockStone,,,,Zeela,,,BushBlockSilver,StockBlockStone,StockBlockStone,StockBlockStone,StockBlockStone,StockBlockStone
BushBlockSilver,StockBlockStone,BushBlockSilver,BushBlockSilver,,,,StockBlockStone,TubeBlockBlue,StockBlockStone,BushBlockSilver,StockBlockStone,BushBlockSilver,BushBlockSilver,BushBlockSilver,VerticalTubeStoneBlock
StockBlockStone,BushBlockSilver,StockBlockStone,StockBlockStone,,,,,,,StockBlockStone,BushBlockSilver,StockBlockStone,StockBlockStone,StockBlockStone,StockBlockStone
VerticalTubeStoneBlock,StockBlockStone,,,,,,,,,,,,,VerticalTubeStoneBlock,BushBlockSilver
StockBlockStone,StockBlockStone,,,,,,,,,,,,,RedDoorTopLeft,OrangeDoorBlock
BushBlockSilver,VerticalTubeStoneBlock,StockBlockStone,StockBlockStone,BushBlockSilver,StockBlockStone,,,,,,,,,RedDoorMiddleLeft,OrangeDoorBlock
StockBlockStone,StockBlockStone,BushBlockSilver,StockBlockStone,StockBlockStone,StockBlockStone,,,,,,,,,RedDoorBottomLeft,OrangeDoorBlock
VerticalTubeStoneBlock,BushBlockSilver,BushBlockSilver,StockBlockStone,BushBlockSilver,BushBlockSilver,,,,,,StockBlockStone,TubeBlockBlue,StockBlockStone,BushBlockSilver,StockBlockStone
VerticalTubeStoneBlock,StockBlockStone,StockBlockStone,BushBlockSilver,StockBlockStone,StockBlockStone,,,,,,,,,StockBlockStone,StockBlockStone
StockBlockStone,StockBlockStone,,,,,,,Zeela,,,,,,BushBlockSilver,VerticalTubeStoneBlock
VerticalTubeStoneBlock,StockBlockStone,StockBlockStone,StockBlockStone,BushBlockSilver,StockBlockStone,StockBlockStone,StockBlockStone,StockBlockStone,StockBlockStone,,,,,StockBlockStone,StockBlockStone
StockBlockStone,StockBlockStone,BushBlockSilver,StockBlockStone,StockBlockStone,StockBlockStone,,,,,,,,,VerticalTubeStoneBlock,StockBlockStone
BushBlockSilver,VerticalTubeStoneBlock,BushBlockSilver,StockBlockStone,BushBlockSilver,BushBlockSilver,,,,,,,,,StockBlockStone,StockBlockStone
StockBlockStone,StockBlockStone,StockBlockStone,BushBlockSilver,StockBlockStone,StockBlockStone,,,,,,,,,BushBlockSilver,VerticalTubeStoneBlock
StockBlockStone,StockBlockStone,BushBlockSilver,StockBlockStone,,,,,,,StockBlockStone,StockBlockStone,BushBlockSilver,StockBlockStone,VerticalTubeStoneBlock,StockBlockStone
BushBlockSilver,StockBlockStone,StockBlockStone,StockBlockStone,,,,Zeela,,,BushBlockSilver,StockBlockStone,StockBlockStone,StockBlockStone,StockBlockStone,StockBlockStone
BushBlockSilver,StockBlockStone,BushBlockSilver,BushBlockSilver,,,,StockBlockStone,TubeBlockBlue,StockBlockStone,BushBlockSilver,StockBlockStone,BushBlockSilver,BushBlockSilver,BushBlockSilver,VerticalTubeStoneBlock
StockBlockStone,BushBlockSilver,StockBlockStone,StockBlockStone,,,,,,,StockBlockStone,BushBlockSilver,StockBlockStone,StockBlockStone,StockBlockStone,StockBlockStone
VerticalTubeStoneBlock,StockBlockStone,,,,,,,,,,,,,VerticalTubeStoneBlock,BushBlockSilver
StockBlockStone,StockBlockStone,,,,,,,,,,,,,BlueDoorTopLeft,OrangeDoorBlock
BushBlockSilver,VerticalTubeStoneBlock,StockBlockStone,StockBlockStone,BushBlockSilver,StockBlockStone,,,,,,,,,BlueDoorMiddleLeft,OrangeDoorBlock
StockBlockStone,StockBlockStone,BushBlockSilver,StockBlockStone,StockBlockStone,StockBlockStone,,,,,,,,,BlueDoorBottomLeft,OrangeDoorBlock
VerticalTubeStoneBlock,BushBlockSilver,BushBlockSilver,StockBlockStone,BushBlockSilver,BushBlockSilver,,,,,,StockBlockStone,TubeBlockBlue,StockBlockStone,BushBlockSilver,StockBlockStone
VerticalTubeStoneBlock,StockBlockStone,StockBlockStone,BushBlockSilver,StockBlockStone,StockBlockStone,,,,,,,,,StockBlockStone,StockBlockStone
StockBlockStone,StockBlockStone,,,,,,,Zeela,,,,,,BushBlockSilver,VerticalTubeStoneBlock
VerticalTubeStoneBlock,StockBlockStone,StockBlockStone,StockBlockStone,BushBlockSilver,StockBlockStone,StockBlockStone,StockBlockStone,StockBlockStone,StockBlockStone,,,,,StockBlockStone,StockBlockStone
StockBlockStone,StockBlockStone,BushBlockSilver,StockBlockStone,StockBlockStone,StockBlockStone,,,,,,,,,VerticalTubeStoneBlock,StockBlockStone
BushBlockSilver,VerticalTubeStoneBlock,BushBlockSilver,StockBlockStone,BushBlockSilver,BushBlockSilver,,,,,,,,,StockBlockStone,StockBlockStone
StockBlockStone,StockBlockStone,StockBlockStone,BushBlockSilver,StockBlockStone,StockBlockStone,,,,,,,,,BushBlockSilver,VerticalTubeStoneBlock
StockBlockStone,StockBlockStone,BushBlockSilver,StockBlockStone,StockBlockStone,StockBlockStone,BushBlockSilver,StockBlockStone,StockBlockStone,StockBlockStone,BushBlockSilver,StockBlockStone,StockBlockStone,StockBlockStone,BushBlockSilver,StockBlockStone
BushBlockSilver,BushBlockSilver,BushBlockSilver,BushBlockSilver,BushBlockSilver,BushBlockSilver,BushBlockSilver,BushBlockSilver,BushBlockSilver,BushBlockSilver,BushBlockSilver,BushBlockSilver,BushBlockSilver,BushBlockSilver,BushBlockSilver,BushBlockSilver
